{"cameraMode":{"drawMode":0,"name":"Shaded","section":"Shading Mode"},"sceneLighting":true,"audioPlay":false,"sceneViewState":{"showFog":true,"showMaterialUpdate":false,"showSkybox":true,"showFlares":true,"showImageEffects":true,"showParticleSystems":true},"in2DMode":false,"pivot":{"x":-0.30250728130340578,"y":-4.944704532623291,"z":-2.022202491760254},"rotation":{"x":-0.22190624475479127,"y":-0.5892907381057739,"z":0.17264841496944428,"w":-0.7574238181114197},"size":3.93213152885437,"orthographic":false}